{"cameraMode":{"drawMode":0,"name":"Shaded","section":"Shading Mode"},"sceneLighting":false,"audioPlay":false,"sceneViewState":{"m_AlwaysRefresh":false,"showFog":true,"showSkybox":false,"showFlares":true,"showImageEffects":true,"showParticleSystems":false,"showVisualEffectGraphs":true,"m_FxEnabled":true},"in2DMode":false,"pivot":{"x":7.643098831176758,"y":0.009999999776482582,"z":21.68000030517578},"rotation":{"x":-0.35806357860565188,"y":-0.20303195714950562,"z":0.07990055531263352,"w":-0.9079433679580689},"size":1.1313704252243043,"orthographic":false}